{
  "features": [
    "compi_z",
    "relrank",
    "sfb",
    "sfa",
    "sfl",
    "np",
    "ds",
    "kz",
    "td",
    "waku",
    "age",
    "hin",
    "hassf",
    "v3",
    "keshi",
    "h2h",
    "hash2h"
  ],
  "w": [
    0.6225507827426037,
    -0.41266396284299,
    0.029912069451779634,
    0.09262690358061272,
    -0.007515684893291621,
    -0.016986489965972254,
    0.0846903585144604,
    0.050327108099722684,
    0.039826721157565075,
    0.05940931628741832,
    -0.13704349872587923,
    -0.058745246107511855,
    0.006856732826953115,
    0.10202836935834815,
    -0.07002834053624975,
    0.06123941014666062,
    -0.014353364924500126
  ],
  "b": -3.1573389856344276,
  "mu": [
    0.0002754755795618954,
    0.4998923501420918,
    52.94683529654876,
    50.56733245794593,
    50.86082455052674,
    2.0469931804091757,
    78.62773300268651,
    -0.00017601921279680548,
    -0.11861954949369705,
    4.741392849762348,
    3.892374457532548,
    0.411613969828477,
    0.7683818970861749,
    -0.3268857201901219,
    0.17602810498036783,
    -0.038279975201487876,
    0.5644967968588551
  ],
  "sd": [
    0.9636222500192005,
    0.31005370489668477,
    7.989637605516683,
    7.184367745597601,
    7.8731406969887425,
    1.8097442835677287,
    104.81187893430963,
    0.9486451053815217,
    6.280404467861888,
    2.275543379363599,
    1.2516624158756833,
    0.4921360786583995,
    0.4218749972684648,
    2.2124276133715255,
    0.38085194787945575,
    1.00376611459381,
    0.49583296017772815
  ],
  "trainCut": "2023-07-01"
}
