{
  "model": "A",
  "note": "JRA複勝較正 LogReg 全データ22-26。P=sigmoid(Σ w*feat)。脚質無寄与で除外。rb:1=コ1位/2=コ2-3/3=コ4-6/4=コ7+。",
  "idxM": 54.1701,
  "idxS": 10.7617,
  "hrM": 6.8519,
  "hrS": 4.0115,
  "names": [
    "bias",
    "rank2-3",
    "rank4-6",
    "rank7+",
    "idxZ",
    "h2hHas",
    "h2hRankZ"
  ],
  "weights": [
    -2.23303,
    0.55767,
    0.86159,
    0.57547,
    1.16655,
    0.04647,
    -0.17284
  ]
}
